INSERT INTO course (id, name) VALUES (1, 'math');
INSERT INTO course (id, name) VALUES (2, 'music');
INSERT INTO course (id, name) VALUES (3, 'history');
INSERT INTO STUDENT_COURSE (STUDENT_ID, COURSE_ID, GRADE ) VALUES (1,1, 7);
INSERT INTO STUDENT_COURSE (STUDENT_ID, COURSE_ID, GRADE ) VALUES (1,2, 5);
INSERT INTO STUDENT_COURSE (STUDENT_ID, COURSE_ID, GRADE ) VALUES (1,3, 8);
INSERT INTO STUDENT_COURSE (STUDENT_ID, COURSE_ID, GRADE ) VALUES (2,1, 8);
INSERT INTO STUDENT_COURSE (STUDENT_ID, COURSE_ID, GRADE ) VALUES (2,2, 2);
INSERT INTO STUDENT_COURSE (STUDENT_ID, COURSE_ID, GRADE ) VALUES (2,3, 9);
INSERT INTO STUDENT_COURSE (STUDENT_ID, COURSE_ID, GRADE ) VALUES (3,1, 4);
INSERT INTO STUDENT_COURSE (STUDENT_ID, COURSE_ID, GRADE ) VALUES (3,3, 10);
INSERT INTO STUDENT_COURSE (STUDENT_ID, COURSE_ID, GRADE ) VALUES (4,2, 9);
INSERT INTO STUDENT_COURSE (STUDENT_ID, COURSE_ID, GRADE ) VALUES (4,3, 8);
INSERT INTO STUDENT_COURSE (STUDENT_ID, COURSE_ID, GRADE ) VALUES (5,1, 9);
INSERT INTO STUDENT_COURSE (STUDENT_ID, COURSE_ID, GRADE ) VALUES (5,2, 7);
INSERT INTO STUDENT_COURSE (STUDENT_ID, COURSE_ID, GRADE ) VALUES (5,3, 6);
INSERT INTO STUDENT_COURSE (STUDENT_ID, COURSE_ID, GRADE ) VALUES (6,1, 10);
INSERT INTO STUDENT_COURSE (STUDENT_ID, COURSE_ID, GRADE ) VALUES (6,2, 3);
INSERT INTO student (id, name) VALUES (1, 'bob');
INSERT INTO student (id, name) VALUES (2, 'alice');
INSERT INTO student (id, name) VALUES (3, 'tom');
INSERT INTO student (id, name) VALUES (4, 'jane');
INSERT INTO student (id, name) VALUES (5, 'van');
INSERT INTO student (id, name) VALUES (6, 'long');